id;is_function;display_text;font_size;generic_object;function
1;true;Buckinghamshire infrastructures;Personal;azure integrate Producer;compress evolve
2;false;Iowa calculating;matrix;Square magenta Uruguayo;Human Principal
3;true;Synchronised;Frozen Kwacha;Optimization solution-oriented forecast;action-items incremental
4;false;Algeria white Rupee;Metal;demand-driven Account;Infrastructure navigate Buckinghamshire
5;false;1080p Developer;proactive Dominican loyalty;virtual Savings;indexing
6;true;functionalities Intranet;Steel Associate;Chief;Facilitator
7;false;Kong North Handcrafted;auxiliary virtual;Gorgeous;International parallelism
8;true;multi-state Lane Berkshire;Creek Granite;transmit Burg bricks-and-clicks;Unbranded Riel Liaison
9;false;Salad Armenia Pakistan;generating;Bedfordshire Reverse-engineered Clothing;Generic Borders
10;false;Cross-group Communications;Metrics;Chips Configurable;seamless Vanuatu
